<?xml version="1.0" encoding="UTF-8"?>
<beans xmlns="http://www.springframework.org/schema/beans"
   xmlns:xsi="http://www.w3.org/2001/XMLSchema-instance"
   xsi:schemaLocation="http://www.springframework.org/schema/beans http://www.springframework.org/schema/beans/spring-beans.xsd">

   <!-- Root Context: defines shared resources visible to all other web components -->

   <!-- MySQL dataSource -->

    <bean id="dataSource" class="org.apache.commons.dbcp2.BasicDataSource" destroy-method="close">
      <property name="driverClassName" value="com.mysql.jdbc.Driver"></property>
      <property name="url" value="jdbc:mysql://127.0.0.1:3305/yes"></property>
      <property name="username" value="root"></property>
      <property name="password" value="root"></property>
   </bean>
   
   <bean id="sqlSession" class="org.mybatis.spring.SqlSessionFactoryBean">
   <property name="dataSource" ref="dataSource"></property>
    <property name="configLocation" value="classpath:mybatis-config.xml"></property>
   </bean>
   
   <bean id="sqlSessionTemplate" class="org.mybatis.spring.SqlSessionTemplate">
      <constructor-arg index="0" ref="sqlSession"></constructor-arg>
   </bean>

<bean class="org.springframework.context.annotation.CommonAnnotationBeanPostProcessor"/>



</beans>