<?xml version="1.0" encoding="UTF-8"?>
<!DOCTYPE configuration PUBLIC "-//mybatis.org//DTD Config 3.0//EN" "http://mybatis.org/dtd/mybatis-3-config.dtd">

<configuration>
	<typeAliases>

		<typeAlias type="kr.ac.kopo.yes.model.User" alias="User"></typeAlias>
		<typeAlias type="kr.ac.kopo.yes.model.FreeBoard" alias="FreeBoard"></typeAlias>
		<typeAlias type="kr.ac.kopo.yes.model.Reply" alias="Reply"></typeAlias>
		<typeAlias type="kr.ac.kopo.yes.model.Criteria" alias="Criteria"></typeAlias>
		<typeAlias type="kr.ac.kopo.yes.model.PageMaker" alias="PageMaker"></typeAlias>
		<typeAlias type="kr.ac.kopo.yes.model.SearchCriteria" alias="SearchCriteria"></typeAlias>
		<typeAlias type="kr.ac.kopo.yes.model.FileUpload" alias="FileUpload"></typeAlias>
		<typeAlias type="kr.ac.kopo.yes.model.Product" alias="Product"></typeAlias>
		<typeAlias type="kr.ac.kopo.yes.model.Goods" alias="Goods"></typeAlias>
	</typeAliases>
	
	<mappers>
	
		<mapper resource="mybatis/User.xml"></mapper>
		<mapper resource="mybatis/FreeBoard.xml"></mapper>
		<mapper resource="mybatis/Reply.xml"></mapper>
		<mapper resource="mybatis/FileUpload.xml"></mapper>
		<mapper resource="mybatis/Product.xml"></mapper>
		<mapper resource="mybatis/Goods.xml"></mapper>
	</mappers>
</configuration>