<?xml version="1.0" encoding="UTF-8"?>
<beans:beans
	xmlns="http://www.springframework.org/schema/mvc"
	xmlns:xsi="http://www.w3.org/2001/XMLSchema-instance"
	xmlns:beans="http://www.springframework.org/schema/beans"
	xmlns:context="http://www.springframework.org/schema/context"
	xsi:schemaLocation="http://www.springframework.org/schema/mvc http://www.springframework.org/schema/mvc/spring-mvc.xsd
		http://www.springframework.org/schema/beans http://www.springframework.org/schema/beans/spring-beans.xsd
		http://www.springframework.org/schema/context http://www.springframework.org/schema/context/spring-context.xsd">



	<!-- DispatcherServlet Context: defines this servlet's request-processing 
		infrastructure -->
<!-- <beans:constructor-arg value="C:\sts-bundle\pivotal-tc-server\instances\base-instance\wtpwebapps\yes6\resources" /> -->
	<!-- Enables the Spring MVC @Controller programming model -->
	<annotation-driven />
	<!-- Handles HTTP GET requests for /resources/** by efficiently serving up static resources in the ${webappRoot}/resources directory -->
	<resources mapping="/resources/**" location="/resources/" />
	<!-- Handles HTTP GET requests for /resources/** by efficiently serving 
		up static resources in the ${webappRoot}/resources directory -->
	<!-- 업로드 패스 설정 -->
	<beans:bean class="java.lang.String" id="uploadPath">
		<beans:constructor-arg value="C:\\\images\imgUpload\" />
	</beans:bean>
	<!-- 일반파일업로드경로 -->
	<!-- <resources mapping="/imgUpload/**" location="/resources/imgUpload/" /> -->
	<resources mapping="/imgUpload/**" location="file:///c:/images/imgUpload/" />

	<!-- file Upload -->
    <beans:bean id="multipartResolver" class="org.springframework.web.multipart.commons.CommonsMultipartResolver">
        <!-- max upload size in bytes -->
        <beans:property name="maxUploadSize" value="5242880" /> <!-- 5MB -->
        <!-- max size of file in memory (in bytes) -->
        <beans:property name="maxInMemorySize" value="1048576" /> <!-- 1MB -->
    </beans:bean>

	<resources mapping="/uploadPath/**" location="file:///c:/images/imgUpload/" />

	<!-- Resolves views selected for rendering by @Controllers to .jsp resources 
		in the /WEB-INF/views directory -->
	<beans:bean
		class="org.springframework.web.servlet.view.InternalResourceViewResolver">
		<beans:property name="prefix" value="/WEB-INF/views/" />
		<beans:property name="suffix" value=".jsp" />
	</beans:bean>

	<context:component-scan
		base-package="kr.ac.kopo.yes" />


	<interceptors>
		<interceptor>
			<mapping path="/FreeBoard/add/**" />
			<mapping path="/Product/add/**" />
			<mapping path="/Goods/add/**" />
			<mapping path="/view?id=${item.id}/**" />
			<beans:bean
				class="kr.ac.kopo.yse.interceptor.UserInterceptor"></beans:bean>
		</interceptor>
	</interceptors>
	<resources mapping="/error/**" location="/resources/error/" />

</beans:beans>
