<?xml version="1.0" encoding="UTF-8"?>
<!DOCTYPE mapper PUBLIC "-//mybatis.org//DTD Mapper 3.0//EN" "http://mybatis.org/dtd/mybatis-3-mapper.dtd">

<mapper namespace="fileupload">
	<insert id="fbfileadd">
		INSERT INTO file(fb_num, file_name)
		VALUES(LAST_INSERT_ID(), #{file_name})
	</insert>
	
	<insert id="gdfileadd">
		INSERT INTO file(goods_num, file_name)
		VALUES(LAST_INSERT_ID(), #{file_name})
	</insert>
	
	<select id="fbfilelist" resultType="FileUpload" >
		SELECT file_name,fb_num
		FROM file
		WHERE fb_num=#{fb_num}
	</select>
	<select id="gdfilelist" resultType="FileUpload" >
		SELECT file_name,fb_num
		FROM file
		WHERE goods_num=#{goods_num}
	</select>
	<update id="fbfileupdate">
		UPDATE file 
		SET  
			filename = #{filename}
		WHERE fb_num = #{fb_num}
	</update>
  	<delete id="fbfiledelete">
		DELETE FROM file WHERE fb_num=#{fb_num}
	</delete>
	<delete id="filedelete">
		DELETE FROM file WHERE file_name=#{file_name}
	</delete>

	<insert id="fbfileup">
		INSERT INTO file(fb_num, file_name)
		VALUES(#{fb_num}, #{file_name})
	</insert>

	<insert id="gdfileup">
		INSERT INTO file(goods_num, file_name)
		VALUES(#{goods_num}, #{file_name})
	</insert>
	
	
</mapper>