<?xml version="1.0" encoding="UTF-8"?>
<!DOCTYPE mapper PUBLIC "-//mybatis.org//DTD Mapper 3.0//EN" "http://mybatis.org/dtd/mybatis-3-mapper.dtd">

<mapper namespace="freeboard">
	<!-- 목록 -->
	<select id="list" resultType="FreeBoard">
		SELECT * 
		FROM free_board
		ORDER BY fb_num DESC
	</select>
	<delete id="delete">
		DELETE FROM free_board WHERE fb_num=#{fb_num}
	</delete>
	<select id="item" resultType="FreeBoard">
		SELECT *
		FROM free_board
		where fb_num=#{fb_num}
	</select>
 	

	<!--
	<select id="filelist" resultType="FreeBoard">
		 SELECT *
        FROM (
            SELECT *,
            ROW_NUMBER() OVER(ORDER BY fb_num DESC) AS rNum
            FROM file
    		)mb
    		WHERE fb_num=#{fb_num}
	</select>
	 -->
	<insert id="add" parameterType="FreeBoard">
		INSERT INTO free_board (id, fb_title, fb_contents, fb_date,thumb,fb_like,fb_ref)
		VALUES(#{id},  #{fb_title}, #{fb_contents}, NOW(),#{thumb},0,0)
	
	</insert>

	<update id="update" parameterType="FreeBoard">
		UPDATE free_board 
		SET  
			fb_title	= #{fb_title}, 
			fb_contents	= #{fb_contents},
			thumb		= #{thumb}
		WHERE 	fb_num 	= #{fb_num}
	</update>
	
	<!-- 조회수 쿼리 -->
	<update id="incView">
		UPDATE 	free_board 
		SET fb_ref = fb_ref+1 
		WHERE fb_num=#{fb_num}
	</update>
	
	<!-- 추천 쿼리 -->
	<update id="like" parameterType="FreeBoard">
		UPDATE free_board 
		SET fb_like=fb_like+1 
		WHERE fb_num=#{fb_num}
	</update>
	
	<update id="like_cancel" parameterType="FreeBoard">
		UPDATE free_board 
		SET fb_like=0 
		WHERE fb_num=#{fb_num}
	</update>

	<insert id="add_reply" parameterType="Reply">
		INSERT INTO reply (reply_num, reply_contents,reply_date,id, fb_num)
		VALUES(#{reply_num}, 
		#{reply_contents},
		 NOW(),
		 #{id}, 
		 #{fb_num})
	</insert>
	<select id="replylist" resultType="Reply">
		SELECT *
		FROM reply
		WHERE fb_num= #{fb_num}
	</select>
<!-- 
<select id="listPage" resultType="FreeBoard" parameterType="Criteria">
	    SELECT fb_num, fb_id, fb_posts, fd_title, fd_contents, fb_date,fd_views,fb_ref
        FROM (ORDER BY code DESC LIMIT #{pager.start}, #{pager.perPage};)
	</select> -->	
<select id="listPage" resultType="FreeBoard" parameterType="Criteria">
	    SELECT fb_num, id, fb_title, fb_contents, fb_date,fb_like,fb_ref
        FROM (
            SELECT fb_num, id, fb_title, fb_contents, fb_date,fb_like,fb_ref,
            ROW_NUMBER() OVER(ORDER BY fb_num DESC) AS rNum
            FROM free_board
    		)mb
    	WHERE rNum BETWEEN #{rowStart} AND #{rowEnd}
        	ORDER BY fb_num DESC
	</select>
	
	<select id="listCount" resultType="int">
		<![CDATA[
			SELECT COUNT(fb_num)
			FROM free_board
			WHERE fb_num>0
		]]>
	</select>

<!-- 검색 -->
<select id="listSearch" resultType="FreeBoard"
parameterType="SearchCriteria">
 SELECT fb_num, id, fb_title, fb_contents, fb_date,fb_like,fb_ref
        FROM (
            SELECT fb_num, id, fb_title, fb_contents, fb_date,fb_like,fb_ref,
            ROW_NUMBER() OVER(ORDER BY fb_num DESC) AS rNum
            FROM free_board
            
            <include refid="search"></include>
    		)mb
    	WHERE rNum BETWEEN #{rowStart} AND #{rowEnd}
        	ORDER BY fb_num DESC
</select>

<sql id="search">
 <if test="searchType != null">
  <if test="searchType == 't'.toString()">WHERE fb_title LIKE CONCAT(CONCAT('%',  #{keyword}),  '%')</if>
  <if test="searchType == 'c'.toString()">WHERE fb_contents LIKE CONCAT(CONCAT('%', #{keyword}),  '%')</if>
  <if test="searchType == 'w'.toString()">WHERE id LIKE CONCAT(CONCAT('%',  #{keyword}),  '%')</if>
  <if test="searchType == 'tc'.toString()">WHERE (fb_title LIKE CONCAT(CONCAT('%',  #{keyword}),  '%')) OR (fb_contents LIKE CONCAT(CONCAT('%', #{keyword}),  '%'))</if>
 </if>
</sql>

<select id="countSearch" resultType="int">
 SELECT count(fb_num)
  FROM free_board
   <include refid="search"></include>
   <![CDATA[
			AND fb_num > 0
]]>
</select>
<!-- 
<insert id="add" parameterType="Reply">
		INSERT INTO reply (id, fb_num,reply_num, reply_contents,reply_date)
		VALUES(#{id}, #{fb_num},
		#{reply_num},#{reply_contents}, NOW())
	</insert>
	<select id="list" resultType="Reply">
		SELECT *
		FROM reply
		WHERE fb_num=#{fb_num}
	</select> -->
</mapper>