<?xml version="1.0" encoding="UTF-8"?>
<!DOCTYPE mapper PUBLIC "-//mybatis.org//DTD Mapper 3.0//EN" "http://mybatis.org/dtd/mybatis-3-mapper.dtd">
<mapper namespace="goods">
	<select id="list">
		SELECT goods_num,goods_ref,goods_views,goods_contents,goods.pd_num,pd_name,pd_img,pd_enr_date,pd_beg_price,pd_quantity,pd_hop_price,pd_beg_date,id
		FROM goods,product
		WHERE goods.pd_num=product.pd_num
		ORDER BY pd_num DESC
	</select>
	
	<delete id="delete">
		DELETE FROM goods WHERE goods_num=#{goods_num}
	</delete>
	
	<select id="item" resultType="Goods">
		SELECT *
		FROM goods
		WHERE goods_num=#{goods_num}
	</select>

	<select id="items" resultType="Product">
		SELECT *
		FROM product
		WHERE goods_num=#{goods_num}
	</select>
	
	<insert id="add" parameterType="Goods">
		INSERT INTO goods (goods_ref, goods_views, goods_contents)
		VALUES(0, 0, #{goods_contents})	
	</insert>

	<update id="update" parameterType="Goods">
		UPDATE goods 
		SET  
			goods_contents	= #{goods_contents}
		WHERE 	goods_num 	= #{goods_num}
	</update>
	
	<!-- 조회수 쿼리 -->
	<update id="incView">
		UPDATE 	goods 
		SET goods_views = goods_views+1 
		WHERE goods_num=#{goods_num}
	</update>
	
	<!-- 추천 쿼리 -->
	<update id="like" parameterType="Goods">
		UPDATE goods 
		SET goods_ref=goods_ref+1 
		WHERE goods_num=#{goods_num}
	</update>
	
	<update id="like_cancel" parameterType="Goods">
		UPDATE goods 
		SET goods_ref=0 
		WHERE goods_num=#{goods_num}
	</update>

	<insert id="add_reply" parameterType="Reply">
		INSERT INTO reply (reply_num, reply_contents,reply_date,id, goods_num)
		VALUES(#{reply_num}, 
		#{reply_contents},
		 NOW(),
		 #{id}, 
		 #{goods_num})
	</insert>
	<select id="replylist" resultType="Reply">
		SELECT *
		FROM reply
		WHERE goods_num= #{goods_num}
	</select>
<!-- 
<select id="listPage" resultType="Goods" parameterType="Criteria">
	    SELECT goods_num, goods_ref, goods_views, goods_contents, pd_num
        FROM (
            SELECT goods_num, goods_ref, goods_views, goods_contents, pd_num,
            ROW_NUMBER() OVER(ORDER BY goods_num DESC) AS rNum
            FROM goods
    		)mb
    	WHERE rNum BETWEEN #{rowStart} AND #{rowEnd}
        	ORDER BY goods_num DESC
	</select>
	
	<select id="listCount" resultType="int">
		<![CDATA[
			SELECT COUNT(goods_num)
			FROM goods
			WHERE goods_num>0
		]]>
	</select>


<select id="listSearch" resultType="Goods"
parameterType="SearchCriteria">
 SELECT goods_num, goods_ref, goods_views, goods_contents, pd_num
        FROM (
            SELECT goods_num, goods_ref, goods_views, goods_contents, pd_num,
            ROW_NUMBER() OVER(ORDER BY goods_num DESC) AS rNum
            FROM goods
            
            <include refid="search"></include>
    		)mb
    	WHERE rNum BETWEEN #{rowStart} AND #{rowEnd}
        	ORDER BY goods_num DESC
</select>

<sql id="search">
 <if test="searchType != null">
  <if test="searchType == 't'.toString()">WHERE fb_title LIKE CONCAT(CONCAT('%',  #{keyword}),  '%')</if>
  <if test="searchType == 'c'.toString()">WHERE fb_contents LIKE CONCAT(CONCAT('%', #{keyword}),  '%')</if>
  <if test="searchType == 'w'.toString()">WHERE id LIKE CONCAT(CONCAT('%',  #{keyword}),  '%')</if>
  <if test="searchType == 'tc'.toString()">WHERE (fb_title LIKE CONCAT(CONCAT('%',  #{keyword}),  '%')) OR (fb_contents LIKE CONCAT(CONCAT('%', #{keyword}),  '%'))</if>
 </if>
</sql>

<select id="countSearch" resultType="int">
 SELECT count(goods_num)
  FROM goods
   <include refid="search"></include>
   <![CDATA[
			AND goods_num > 0
]]>
</select>
 -->
</mapper>