<?xml version="1.0" encoding="UTF-8"?>
<!DOCTYPE mapper PUBLIC "-//mybatis.org//DTD Mapper 3.0//EN" "http://mybatis.org/dtd/mybatis-3-mapper.dtd">

<mapper namespace="product">
	<!-- 목록 -->
	<select id="list" resultType="Product">
		SELECT * from product ORDER BY goods_num DESC
	</select>
	<!-- view -->
		<select id="item" resultType="Product">
		SELECT *
		FROM product
		WHERE pd_num=#{pd_num}
	</select>
	<select id="gitem" resultType="Product">
		SELECT *
		FROM product
		WHERE goods_num=#{goods_num}
	</select>
	<!-- 상품등록 -->
	<insert id="add" parameterType="Product">
		INSERT INTO product (id, pd_img, pd_name, pd_enr_date, pd_beg_price,pd_quantity,pd_hop_price,pd_beg_date,goods_num)
		VALUES(#{id}, #{pd_img}, #{pd_name}, NOW(),#{pd_beg_price},#{pd_quantity},#{pd_hop_price},#{pd_beg_date},LAST_INSERT_ID())
	</insert>
	<!-- 상품수정 -->
	<update id="update" parameterType="Product">
		UPDATE product 
		SET  
			pd_name			= #{pd_name}, 
			pd_beg_price	= #{pd_beg_price},
			pd_quantity		= #{pd_quantity},
			pd_hop_price	= #{pd_hop_price},
			pd_hop_price	= #{pd_hop_price},
			pd_img			= #{pd_img}
		WHERE 	goods_num   = #{goods_num}
	</update>
	<!-- 상품삭제 -->
	<delete id="delete">
		DELETE FROM product WHERE pd_num=#{pd_num}
	</delete>
	<delete id="gdelete">
		DELETE FROM product WHERE goods_num=#{goods_num}
	</delete>
	
	
<!-- 두번째리스트 -->
	<select id="listPage" resultType="Product" parameterType="Criteria">
	    SELECT pd_num, id, pd_name, pd_enr_date, pd_beg_price,pd_quantity,pd_hop_price,pd_beg_date
        FROM (
            SELECT pd_num, id, pd_name, pd_enr_date, pd_beg_price,pd_quantity,pd_hop_price,pd_beg_date,
            ROW_NUMBER() OVER(ORDER BY fb_num DESC) AS rNum
            FROM product
    		)mb
    	WHERE rNum BETWEEN #{rowStart} AND #{rowEnd}
        	ORDER BY pd_num DESC
	</select>
	
	<select id="listCount" resultType="int">
		<![CDATA[
			SELECT COUNT(pd_num)
			FROM product
			WHERE pd_num>0
		]]>
	</select>
	
	
	<!-- 검색 -->
	<select id="listSearch" resultType="Product" parameterType="SearchCriteria">
 		SELECT pd_num, id, pd_name, pd_enr_date, pd_beg_price,pd_quantity,pd_hop_price,pd_beg_date
        FROM (
            SELECT pd_num, id, pd_name, pd_enr_date, pd_beg_price,pd_quantity,pd_hop_price,pd_beg_date,
            ROW_NUMBER() OVER(ORDER BY pd_num DESC) AS rNum
            FROM free_board
            
            <include refid="search"></include>
    		)mb
    	WHERE rNum BETWEEN #{rowStart} AND #{rowEnd}
        	ORDER BY pd_num DESC
</select>

	<sql id="search">
 	<if test="searchType != null">
 	<if test="searchType == 't'.toString()">WHERE pd_name LIKE CONCAT(CONCAT('%',  #{keyword}),  '%')</if>
	<if test="searchType == 'c'.toString()">WHERE fb_contents LIKE CONCAT(CONCAT('%', #{keyword}),  '%')</if>
 	<if test="searchType == 'w'.toString()">WHERE id LIKE CONCAT(CONCAT('%',  #{keyword}),  '%')</if>
 	<if test="searchType == 'tc'.toString()">WHERE (pd_name LIKE CONCAT(CONCAT('%',  #{keyword}),  '%')) OR (fb_contents LIKE CONCAT(CONCAT('%', #{keyword}),  '%'))</if>
	</if>
	</sql>


<select id="countSearch" resultType="int">
 SELECT count(pd_num)
  FROM product
   <include refid="search"></include>
   <![CDATA[
			AND pd_num > 0
]]>
</select>
</mapper>