<?xml version="1.0" encoding="UTF-8"?>
<!DOCTYPE mapper PUBLIC "-//mybatis.org//DTD Mapper 3.0//EN" "http://mybatis.org/dtd/mybatis-3-mapper.dtd">

<mapper namespace="reply">

	<!-- <insert id="add" parameterType="Reply"> INSERT INTO re (reply_id, reply_fb_num, 
		reply_sb_num, reply_nb_num, reply_num, reply_contents,reply_date) VALUES(#{reply_id}, 
		#{reply_fb_num}, #{reply_sb_num}, #{reply_nb_num}, #{reply_num},#{reply_contents}, 
		NOW()) </insert> -->
	<insert id="add" parameterType="Reply">
		INSERT INTO reply (reply_num, reply_contents,reply_date,id, fb_num,making_pd_num,goods_num,gauction_num)
		VALUES(
		#{reply_num}, 
		#{reply_contents},
		 NOW(),
		 #{id}, 
		 #{fb_num},
		 #{making_pd_num},
		 #{goods_num},
		 #{gauction_num})
	</insert>
	<!-- <select id="list" resultType="Reply">
		SELECT *
		FROM reply
		WHERE fb_num=#{fb_num} OR making_pd_num=#{making_pd_num} OR
		 goods_num=#{goods_num} OR
		 gauction_num=#{gauction_num})
	</select> -->

	<!-- <update id="update" parameterType="Reply">
		UPDATE reply
		SET
		reply_contents=#{reply_contents}, reply_date=#{reply_date}
		WHERE
		reply_num=#{reply_num}
	</update> -->

	<delete id="delete">
		DELETE FROM reply WHERE reply_num=#{reply_num}
	</delete>

	<select id="item" resultType="Reply">
		SELECT * FROM reply WHERE
		reply_num=#{reply_num}
	</select>

	<!-- 아이디 체크 -->
	<select id="replyUserIdCheck" resultType="String">
		select id
		from reply
		where reply_num = #{reply_num}
	</select>
	
	<!-- 상품 소감(댓글) 삭제 -->
<delete id="deleteReply">
 delete from reply
     where reply_num = #{reply_num}
  <!--        and reply_id = #{reply_id} -->
</delete>
</mapper>