<?xml version="1.0" encoding="UTF-8"?>
<!DOCTYPE mapper PUBLIC "-//mybatis.org//DTD Mapper 3.0//EN" "http://mybatis.org/dtd/mybatis-3-mapper.dtd">

<mapper namespace="user">
<select id="login" resultType="User">
		SELECT * FROM yes_user where id=#{id} AND password=#{password}
	</select>
	<select id="list" resultType="User">
		SELECT * FROM yes_user
	</select>
	
	<select id="item" resultType="User">
		SELECT * FROM yes_user WHERE id=#{id}
	</select>
	
	<delete id="delete">
		DELETE FROM yes_user WHERE id=#{id}
	</delete>
	<!-- 회원가입 -->
	<insert id="join_member" parameterType="User">
		INSERT INTO yes_user(id, password, name, address, phone, birth, gender,email)
		VALUES(#{id}, #{password}, #{name}, #{address}, #{phone}, #{birth}, #{gender},#{email})
	</insert>
	
	<update id="update" parameterType="User">
		UPDATE yes_user
		SET password=#{password}, address=#{address}, phone=#{phone}, birth=#{birth}, gender=#{gender} 
		WHERE id=#{id}
	</update>
	
		<!-- 아이디 중복 검사 -->
	<select id="check_id" parameterType="String" resultType="int">
		SELECT count(*) FROM yes_user WHERE id = #{id}
	</select>
	
	<!-- 이메일 중복 검사 -->
	<select id="check_email" parameterType="String" resultType="int">
		SELECT count(*) FROM yes_user WHERE email = #{email}
	</select>

	<!-- 아이디 찾기 -->
	<select id="find_id" parameterType="String" resultType="String">
		select id from yes_user where email = #{email}
	</select>
	<!-- 비밀번호 변경 -->
	<update id="update_pw" parameterType="User">
		UPDATE yes_user SET password = #{password} WHERE id = #{id}
	</update>
</mapper>